chem__LBCeq (mg/kg CaCO3/pH dry weight),chem__LBC (mg/kg CaCO3/pH dry weight),chem__Ca (Mehlich 1 mg/kg dry weight),denit__Rate (microgN/kilogram dry weight soil/day),chem__K (Mehlich 1 mg/kg dry weight),chem__Mg (Mehlich 1 mg/kg dry weight),chem__P (Mehlich 1 mg/kg dry weight),psize__Soil Clay Content %,psize__Soil Silt Content %,moist__Replicate 1 Mass Water / Mass Dry Soil %,moist__Replicate 2 Mass Water / Mass Dry Soil %,moist__Replicate 3 Mass Water / Mass Dry Soil %,chem__Mn (Mehlich 1 mg/kg dry weight),chem__NO3-N (mg/kg dry weight),soil_NO3,psize__Soil Sand Content %,chem__NH4-N (mg/kg dry weight),soil_NH4,nitrif__Rate (mg NO3-N/kilogram dry weight soil/day),chem__Zn (Mehlich 1 mg/kg dry weight)
2349.0,810.0,2631.36,35.26643924,203.92,557.714,51.4213,33.5832084,43.27836082,13.8952164,14.38356164,14.38356164,30.7649,4.5255,4.5255,23.13843078,5.5805,5.5805,2.503510572,3.1255
1531.2,528.0,2044.05,19.8191739,184.092,398.928,122.088,62.79069767,28.45126175,3.512396694,3.080082136,3.305785124,18.3765,0.463,0.463,8.758040574,0.0,0.0,0.626051569,4.2708
1670.4,576.0,2267.67,13.13655709,491.482,456.284,77.6349,37.17980602,42.72569013,8.71459695,8.932461874,9.649122807,24.8096,2.2445,2.2445,20.09450385,3.866,3.866,1.091493065,3.1935
5193.9,1791.0,1828.16,31.86766518,136.782,313.425,14.61,14.73526474,56.19380619,36.31436314,40.33613445,37.53424658,30.5113,8.8145,8.8145,29.07092907,16.687,16.687,5.328337288,4.8124
896.1,309.0,1414.83,2.017894388,109.268,289.001,89.0418,74.69166256,12.7775037,4.821802935,3.519668737,2.886597938,9.5918,0.3755,0.3755,12.53083374,2.6065,2.6065,0.192892729,1.1197
3906.3,1347.0,2459.23,335.011698,223.981,476.143,29.3876,13.40561853,51.74963036,34.31635389,23.51485149,38.61111111,37.9868,28.0405,28.0405,34.84475111,17.49,17.49,15.06487556,13.3917
4210.8,1452.0,2568.36,,233.882,401.36,29.7246,9.108862009,62.94742039,28.46153846,22.05882353,25.0,53.8359,16.977,16.977,27.9437176,11.693,11.693,5.730905863,8.171
4930.0,1700.0,2120.86,213.6232477,125.15,401.422,14.7876,14.67133217,56.23594101,36.61202186,40.4494382,39.44444444,32.171,21.445,21.445,29.09272682,13.4125,13.4125,8.812693016,7.6781
3955.6,1364.0,2093.64,387.539706,69.5327,374.933,20.7205,19.81037924,57.38522954,34.31635389,38.99721448,36.78474114,37.4526,13.3625,13.3625,22.80439122,14.06,14.06,6.222055235,6.1641
3816.4,1316.0,1886.08,27.24841898,60.3044,364.595,7.862,12.15183633,56.69213705,27.80612245,35.50135501,30.05181347,40.0784,11.0665,11.0665,31.15602662,13.7945,13.7945,4.742789854,4.2092
1809.6,624.0,2397.08,21.48761446,300.262,460.744,109.603,14.40824489,62.38466116,8.932461874,9.150326797,10.13215859,29.5902,1.928,1.928,23.20709395,3.5615,3.5615,0.851174912,4.0
4103.5,1415.0,1963.54,41.60799106,181.069,399.987,13.0907,3.863298663,66.86478455,14.48275862,19.28571429,19.85645933,28.8914,18.1475,18.1475,29.27191679,10.677,10.677,4.454694801,5.5845
1093.3,377.0,1764.86,3.990596584,222.738,312.3,121.937,71.27263706,19.39965269,4.158004158,4.175365345,4.811715481,14.6228,0.836,0.836,9.327710246,2.1955,2.1955,0.342967221,3.4332
2273.6,784.0,2749.71,102.6126895,240.767,519.957,56.3999,45.6875308,33.26761952,12.58426966,12.38738739,13.37868481,36.5312,,,21.04484968,4.193,4.193,1.65965049,5.1577
1319.5,455.0,2015.2,6.000736054,165.924,400.552,104.324,55.11307768,20.10816126,4.831932773,4.175365345,3.519668737,16.7989,1.3215,1.3215,24.77876106,2.6175,2.6175,0.745021916,2.2483
1447.1,499.0,2331.84,26.70074928,251.476,397.536,119.226,74.03043692,12.27295042,7.510729614,6.595744681,6.609808102,23.085,1.403,1.403,13.69661267,8.3015,8.3015,0.300526475,6.7812
4950.3,1707.0,2380.02,250.8925103,73.1555,440.041,17.9504,11.84857424,58.65290069,49.7005988,41.64305949,49.25373134,50.4862,26.191,26.191,29.49852507,18.515,18.515,6.943009021,6.0461
2720.2,938.0,2495.69,,315.498,416.181,51.1113,6.992834198,66.71608599,16.78321678,16.04651163,20.48192771,47.2246,12.513,12.513,26.29107981,31.937,31.937,3.798491481,7.9155
858.4,296.0,1287.48,0.79429242,129.847,250.941,115.698,73.66849179,9.507217521,3.742203742,4.375,4.175365345,16.0294,0.542,0.542,16.82429069,3.8565,3.8565,0.126958517,1.265
1574.7,543.0,2232.42,0.845794251,220.794,458.483,111.376,50.89438863,34.30531732,4.393305439,4.60251046,5.473684211,20.2892,0.6115,0.6115,14.80029405,2.8415,2.8415,0.655436266,2.3346
1890.8,652.0,2449.89,9.968578683,255.944,450.242,102.823,53.72353674,28.19427148,6.837606838,8.008658009,6.808510638,26.1187,2.0535,2.0535,18.08219178,3.9165,3.9165,0.829540403,4.4023
3955.6,1364.0,2038.63,335.4903999,105.809,387.456,23.2147,12.42979243,53.38217338,45.0867052,48.21428571,46.90265487,39.464,23.581,23.581,34.18803419,13.491,13.491,12.77201764,6.2449
1893.7,653.0,2440.33,20.01263426,206.03,493.054,82.1159,34.19163159,47.04134687,10.35242291,10.13215859,10.35242291,26.9571,2.935,2.935,18.76702154,4.446,4.446,1.498015383,2.8401
1392.0,480.0,2127.44,358.4111856,210.536,436.017,110.758,62.79069767,22.26620485,43.71428571,41.35977337,30.62827225,33.3969,0.407,0.407,14.94309748,2.5755,2.5755,11.34820974,3.4735
1682.0,580.0,2347.97,506.8068566,208.872,433.255,73.2036,41.40625,37.84179688,36.14130435,43.42857143,40.6162465,26.0173,1.0625,1.0625,20.75195313,3.6955,3.6955,6.206185078,2.955
4724.1,1629.0,2214.14,85.17177068,157.254,459.533,18.346,10.47338729,57.64042188,30.28720627,27.48091603,33.78016086,31.4614,13.514,13.514,31.88619083,11.0295,11.0295,4.801099814,5.2926
1566.0,540.0,2273.27,37.65207587,152.089,434.138,95.9646,55.24509804,29.85294118,9.89010989,9.67032967,8.676789588,21.1449,2.6265,2.6265,14.90196078,4.4405,4.4405,0.766663118,2.766
3961.4,1366.0,2551.59,,168.066,545.537,21.3277,13.14878893,53.13890262,30.98958333,30.38961039,29.45736434,35.7655,12.6325,12.6325,33.71230845,16.277,16.277,4.898899526,7.9568
3039.2,1048.0,2032.06,13.56967259,268.098,305.976,25.3928,12.66912669,56.58056581,27.87723785,26.01010101,26.01010101,43.5453,10.251,10.251,30.7503075,10.427,10.427,4.009341384,4.2006
3729.4,1286.0,2213.11,3.513527939,169.452,456.562,28.5028,11.62906025,50.83064716,5.263157895,4.592901879,5.25210084,38.0788,15.816,15.816,37.54029259,14.3565,14.3565,0.607784553,9.0923
,,,,,,,51.34194831,34.79125249,,,,,,,13.8667992,,,,
1795.1,619.0,2229.22,17.10206975,383.201,440.445,98.0889,41.93709436,41.63754368,10.61946903,12.10762332,11.85682327,20.3272,3.004,3.004,16.42536196,5.0705,5.0705,1.092153933,2.1278
2552.0,880.0,2571.42,47.69769947,233.794,437.842,32.6151,10.08588957,63.80368098,27.55102041,24.75,26.26262626,45.54,20.428,20.428,26.11042945,9.1955,9.1955,4.793261834,9.6995
3813.5,1315.0,2288.44,84.52389539,272.768,450.128,22.3361,21.45311733,50.31909671,26.26262626,26.64974619,25.06265664,39.2999,33.2955,33.2955,28.22778596,10.138,10.138,12.79423704,9.2886
1096.2,378.0,1860.34,6.73404814,499.004,337.385,127.807,66.30754163,18.80509305,3.726708075,4.384133612,4.166666667,16.0681,0.318,0.318,14.88736533,2.998,2.998,0.304519346,4.2715
3361.1,1159.0,2469.26,338.0932987,132.153,419.359,16.7191,13.8332096,58.1539223,26.19647355,27.87723785,35.32608696,53.867,12.808,12.808,28.0128681,15.8165,15.8165,5.627728364,7.7856
4080.3,1407.0,2293.48,143.7391205,143.954,379.192,20.4676,9.306930693,59.40594059,25.69269521,31.92612137,32.6259947,30.2824,12.703,12.703,31.28712871,11.2045,11.2045,4.045757983,5.1832
3845.4,1326.0,1894.76,123.4431042,308.116,396.634,26.1369,17.12023751,32.16229589,34.13978495,34.86486486,34.32432432,37.8744,13.174,13.174,50.7174666,9.8355,9.8355,4.00945249,6.697
3593.1,1239.0,1480.06,59.06811811,114.646,219.335,12.9143,8.610567515,62.03522505,28.20512821,22.30392157,29.79274611,24.6956,9.3675,9.3675,29.35420744,12.972,12.972,2.194492256,2.3316
1348.5,465.0,1629.03,0.896153486,183.422,363.029,111.006,72.45151666,11.18846345,5.020920502,4.158004158,4.583333333,32.4044,0.345,0.345,16.36001989,5.292,5.292,0.146260619,2.7511
3865.7,1333.0,2497.39,161.9084696,187.743,474.784,31.98,19.57436278,47.01806484,20.96385542,17.68867925,17.28971963,38.6439,20.1785,20.1785,33.40757238,12.048,12.048,3.379957949,8.1467
1789.3,617.0,2511.03,33.38285657,315.919,502.777,75.0163,36.55753968,48.36309524,8.71459695,11.60714286,10.15452539,26.6171,,,15.07936508,2.6825,2.6825,1.331435719,4.0774
3161.0,1090.0,2774.35,,168.2,578.148,29.2294,17.97029703,53.21782178,32.53968254,28.27763496,29.45736434,48.0908,20.401,20.401,28.81188119,14.5245,14.5245,8.727053723,13.1545
3027.6,1044.0,3105.88,146.862814,227.611,488.095,26.0077,12.5,63.49601594,33.95721925,29.53367876,35.77235772,69.8454,29.8005,29.8005,24.00398406,8.712,8.712,5.618056079,13.4053
1525.4,526.0,2421.86,7.48438395,307.14,404.477,111.231,60.74400392,25.69750367,7.051282051,8.423326134,8.441558442,23.0194,1.133,1.133,13.55849241,2.544,2.544,0.974449348,4.4079
2018.4,696.0,2720.05,57.59394219,362.021,477.527,97.622,46.78175092,35.31442663,6.396588486,7.75862069,7.543103448,28.0189,1.3175,1.3175,17.90382244,3.517,3.517,1.186450291,4.6939
4080.3,1407.0,1988.48,120.055508,268.979,321.64,19.4463,6.134663342,61.09725686,33.15649867,27.87723785,32.10526316,29.052,15.752,15.752,32.7680798,12.638,12.638,4.174026383,5.7829
1020.8,352.0,1673.1,11.45178667,146.784,331.686,100.59,77.66798419,13.58695652,5.031446541,5.263157895,5.485232068,10.6006,0.863,0.863,8.745059289,1.616,1.616,0.291314039,2.0413
2233.0,770.0,2801.61,52.1467457,182.487,532.26,57.839,35.38461538,45.9057072,12.64108352,12.61261261,12.08053691,36.8497,1.459,1.459,18.70967742,4.1675,4.1675,2.176778025,7.6784
,,,,,,,61.5403604,25.91952604,,,,,,,12.54011355,,,,
3630.8,1252.0,2219.35,,441.338,379.527,30.5648,11.40939597,63.38553318,35.86956522,33.78016086,33.95721925,34.6609,27.6905,27.6905,25.20507084,10.599,10.599,6.183014905,5.5536
2157.6,744.0,2272.29,35.7781967,140.475,509.772,26.0245,32.1191238,49.2247108,12.13483146,11.35857461,12.08053691,24.528,0.2795,0.2795,18.6561654,3.519,3.519,2.062614259,2.8673
3845.4,1326.0,2603.97,574.9299714,122.144,438.159,20.8722,11.42714571,54.89021956,39.77591036,40.33613445,39.27576602,40.7316,9.161,9.161,33.68263473,14.851,14.851,4.063196629,8.1703
1586.3,547.0,2240.05,100.011026,160.591,435.555,75.121,42.93424926,44.60255152,10.86474501,12.38738739,11.33333333,22.0105,2.1515,2.1515,12.46319921,3.1565,3.1565,1.550507064,2.2636
1621.1,559.0,2432.99,11.10213701,208.872,447.272,108.677,38.68795211,45.69718134,6.396588486,6.369426752,6.609808102,22.3931,0.746,0.746,15.61486655,3.5105,3.5105,0.960902502,2.4071
2056.1,709.0,2689.35,7.844722495,171.439,575.398,108.571,44.84952288,39.1485197,36.14130435,35.96730245,34.95934959,56.1875,0.516,0.516,16.00195743,4.1305,4.1305,0.521684292,6.3205
1009.2,348.0,1496.0,13.44406645,118.741,294.494,97.1426,78.78338279,7.418397626,3.505154639,3.319502075,2.880658436,11.751,0.24,0.24,13.79821958,2.0195,2.0195,-1.030299097,1.5662
1673.3,577.0,2320.83,13.36388139,489.767,458.94,114.327,47.89915966,30.89471083,8.207343413,8.008658009,8.441558442,20.1285,2.804,2.804,21.20612951,2.329,2.329,1.026333202,2.638
1490.6,514.0,2206.82,31.59997732,173.027,448.931,115.044,53.84997516,33.08494784,6.609808102,6.157112527,6.131078224,20.7862,0.983,0.983,13.065077,2.9575,2.9575,0.600959479,2.4845
1392.0,480.0,2217.89,1.387080075,153.687,439.551,116.39,49.7020854,37.68619662,5.708245243,7.741935484,6.623931624,20.3547,1.919,1.919,12.61171797,2.4445,2.4445,0.562458287,1.8725
,,,,,,,56.97503671,25.25697504,,,,,,,17.76798825,,,,
1827.0,630.0,2534.64,11.86025743,200.771,469.339,90.0195,42.94190358,35.84672435,10.86474501,10.39823009,10.13215859,21.5092,1.5495,1.5495,21.21137206,3.358,3.358,1.059898647,2.5555
3326.3,1147.0,2413.19,60.70719394,220.011,410.271,22.1269,12.51840943,58.910162,29.79274611,23.76237624,24.93765586,42.7143,15.6745,15.6745,28.57142857,7.472,7.472,2.720013484,5.7071
1754.5,605.0,2448.33,104.4283654,169.281,471.495,105.396,46.2113659,33.2003988,48.80952381,49.4011976,48.95522388,25.1614,5.8955,5.8955,20.58823529,3.556,3.556,2.073208348,2.3241
3227.7,1113.0,2480.86,87.46480971,395.775,514.993,30.343,7.699852869,63.7567435,25.6281407,18.52731591,20.67307692,56.7257,25.197,25.197,28.54340363,10.46,10.46,6.655079484,9.496
1363.0,470.0,2236.72,11.63600509,148.147,423.518,113.594,42.31150794,40.12896825,7.52688172,7.725321888,8.658008658,20.9377,3.086,3.086,17.55952381,3.783,3.783,1.057595162,2.3331
3422.0,1180.0,2125.17,31.66446271,280.278,347.818,25.564,10.51454139,41.01416853,28.3887468,27.80612245,27.73536896,48.6819,17.694,17.694,48.47129008,7.2955,7.2955,3.374237836,5.4467
2105.4,726.0,2547.83,41.87404784,166.389,481.129,100.333,52.41895262,31.97007481,12.64108352,11.60714286,11.35857461,25.2036,1.8265,1.8265,15.61097257,3.7375,3.7375,1.378367246,2.948
4428.3,1527.0,2413.7,595.651303,231.502,421.954,15.9709,,,34.31635389,37.19008264,37.46556474,29.5671,20.049,20.049,,16.1475,16.1475,8.320768679,7.652
1426.8,492.0,2092.65,35.36854282,150.225,421.19,112.623,47.77860511,35.98907918,11.30820399,10.37527594,11.35857461,19.3685,1.9945,1.9945,16.23231571,3.4185,3.4185,1.164817157,1.9367
4541.4,1566.0,2224.63,116.4714185,118.102,314.93,28.1263,24.12604628,46.77498769,39.38547486,39.16666667,38.99721448,42.6146,29.0125,29.0125,29.09896603,15.591,15.591,5.226302711,8.3138
4132.5,1425.0,1923.65,293.830712,134.845,404.205,22.4911,13.13922192,53.82921458,31.57894737,31.49606299,30.72916667,32.9005,15.503,15.503,33.03156349,14.706,14.706,10.53317543,6.2737
1731.3,597.0,2453.12,29.32789634,313.501,435.482,103.111,59.57966764,24.43792766,4.402515723,4.60251046,5.031446541,24.2299,,,15.98240469,4.1705,4.1705,0.58950566,5.016
1441.3,497.0,2359.17,5.449192045,201.387,442.326,102.779,54.77878269,19.555121,8.459869848,8.207343413,7.974137931,23.1047,1.6305,1.6305,25.66609631,2.923,2.923,0.994256852,1.95
3190.0,1100.0,2522.96,88.63683212,293.434,435.812,40.5021,7.361660079,53.11264822,25.75757576,24.6882793,20.82324455,48.1777,19.8355,19.8355,39.5256917,8.3875,8.3875,5.387585001,8.3322
1563.1,539.0,2322.55,6.461780128,206.227,440.421,117.852,50.08699975,31.86676609,7.974137931,9.190371991,6.382978723,21.3753,4.8475,4.8475,18.04623415,2.7645,2.7645,0.983508402,2.8677
4518.2,1558.0,1846.09,100.4799514,168.937,291.535,25.6737,34.09599602,17.40860482,33.06666667,37.08791209,31.75853018,23.2667,14.395,14.395,48.49539915,16.3295,16.3295,6.932707749,5.1776
1957.5,675.0,2477.56,24.47547085,257.767,485.365,57.0954,,,11.63310962,11.35857461,11.35857461,27.5555,1.6095,1.6095,,3.956,3.956,1.431534059,2.7486
3561.2,1228.0,1841.93,232.3952319,113.561,331.5,21.9252,5.92351912,57.48562859,28.79177378,32.45382586,29.87012987,34.8639,12.874,12.874,36.59085229,9.5715,9.5715,8.573275303,5.2868
4358.7,1503.0,2059.81,65.79865524,192.34,356.661,24.3114,14.61500736,53.94801373,38.22714681,36.51226158,37.46556474,26.1871,5.7905,5.7905,31.43697891,14.099,14.099,4.395738009,4.9097
,,,,,,,30.54248204,52.01882586,,,,,,,17.4386921,,,,
3317.6,1144.0,2644.35,24.87739316,205.043,568.66,47.1765,7.071713147,64.74103586,17.96690307,15.17241379,15.81395349,67.1221,11.5955,11.5955,28.187251,8.6505,8.6505,3.7201831,8.4669
,,,,,,,73.79891035,18.12778603,,,,,,,8.073303616,,,,
4265.9,1471.0,2188.04,6.246259056,87.2653,359.242,24.8311,23.9780658,49.85044865,6.852248394,7.280513919,7.066381156,39.5279,16.3555,16.3555,26.17148554,16.2875,16.2875,-1.150544409,7.5452
1722.6,594.0,2498.43,16.75111296,219.265,485.077,115.112,41.41614907,38.50931677,4.592901879,5.042016807,4.166666667,28.6011,0.2345,0.2345,20.07453416,3.014,3.014,1.019605873,4.1569
1844.4,636.0,2254.4,56.62116212,395.228,442.037,78.6293,43.56558393,36.39970245,10.84070796,9.628008753,9.150326797,25.3905,1.333,1.333,20.03471361,3.002,3.002,1.277046707,3.6902
2082.2,718.0,2833.61,78.2465515,252.17,517.121,88.6809,47.19324391,33.97913562,7.991360691,9.170305677,7.051282051,28.365,,,18.82762047,4.09,4.09,1.053849813,5.7041
4065.8,1402.0,2080.8,347.0009557,115.882,364.457,30.2225,21.41082961,50.91902633,29.79274611,31.07049608,28.20512821,24.2913,14.7365,14.7365,27.67014406,9.5985,9.5985,5.897884736,7.6471
3346.6,1154.0,2435.35,39.4212462,328.053,444.03,36.8657,6.432459179,59.37654626,23.51485149,23.51485149,23.76237624,35.7355,18.875,18.875,34.19099456,9.211,9.211,5.317244309,8.0582
3300.2,1138.0,2561.92,105.3583863,314.649,505.921,33.1477,4.982561036,67.26457399,41.92634561,46.49122807,39.27576602,64.4016,27.324,27.324,27.75286497,8.3295,8.3295,7.343264502,10.2429
3091.4,1066.0,2552.6,137.3983097,257.938,434.396,36.505,10.82897685,64.72491909,24.62686567,23.15270936,23.45679012,51.9587,15.0,15.0,24.44610406,8.4845,8.4845,4.553833753,7.2942
4901.0,1690.0,1911.85,138.4195055,316.155,345.542,17.2953,11.82314953,57.12866369,39.16666667,36.04336043,35.13513514,27.2552,13.422,13.422,31.04818679,12.8545,12.8545,3.838363508,4.8509
2740.5,945.0,2257.22,,225.714,395.375,20.9366,5.984603924,64.21653837,36.61202186,34.13978495,35.77235772,38.9692,21.7185,21.7185,29.79885771,15.59,15.59,6.642065823,6.5758
1174.5,405.0,1872.06,22.63650846,262.193,366.281,118.146,67.51117735,21.9076006,3.742203742,3.519668737,3.734439834,17.4063,0.4465,0.4465,10.58122206,3.261,3.261,0.332901676,3.5127
1299.2,448.0,2152.42,2.765034585,449.091,418.21,120.393,57.54857997,21.1758844,7.296137339,7.066381156,6.623931624,17.8597,1.1235,1.1235,21.27553563,2.0665,2.0665,0.870610775,3.3915
1963.3,677.0,2435.54,11.79111902,210.143,502.549,112.004,39.35356526,40.71058475,4.175365345,5.473684211,4.158004158,29.6194,1.111,1.111,19.93584999,3.6545,3.6545,0.95766875,4.0575
2943.5,1015.0,2481.96,181.5029421,319.684,524.971,34.5595,7.95287187,63.81934217,14.94252874,12.92517007,16.27906977,50.9719,20.4215,20.4215,28.22778596,8.5,8.5,3.24562547,9.8175
4045.5,1395.0,1660.1,17.88765329,161.602,307.229,20.5744,5.23715415,63.88339921,14.64530892,16.74418605,13.95881007,23.6988,9.4465,9.4465,30.87944664,11.8795,11.8795,1.58175083,3.1
1302.1,449.0,1945.98,4.040169133,304.965,351.875,114.613,51.99803873,32.65506252,9.649122807,9.429824561,9.89010989,17.688,1.698,1.698,15.34689875,1.8015,1.8015,1.080508902,2.6576
4541.4,1566.0,1510.0,725.6165982,217.438,235.425,22.0106,25.2294716,50.85586703,48.95522388,35.40540541,33.33333333,21.7039,25.9235,25.9235,23.91466137,25.639,25.639,11.28655462,6.1502
2001.0,690.0,2431.98,30.54910649,138.724,509.653,77.2296,42.10655536,39.28308372,10.81677704,10.37527594,10.59602649,32.3007,0.4225,0.4225,18.61036091,4.4525,4.4525,1.367414176,2.8379
4086.1,1409.0,1320.04,,146.363,195.602,15.6876,21.56374502,49.80079681,34.23180593,30.89005236,26.76767677,16.6842,12.746,12.746,28.63545817,20.6825,20.6825,3.966672575,2.7223
2630.3,907.0,2846.2,23.69814883,293.535,584.535,51.0021,3.568754679,68.62989768,13.15192744,14.18764302,15.17241379,47.9096,24.361,24.361,27.80134764,7.2585,7.2585,5.329051052,12.4877
1809.6,624.0,2484.13,35.01648799,200.324,457.321,108.302,49.51407924,36.58111139,31.66226913,32.89124668,32.71276596,30.0327,2.111,2.111,13.90480937,3.524,3.524,0.909585837,3.9728
3462.6,1194.0,2431.98,271.2986724,203.463,453.022,28.5338,6.554121152,64.54816286,17.05607477,21.95121951,26.19647355,47.7638,10.5655,10.5655,28.89771599,8.988,8.988,3.740373809,8.435
